Workbook

Sheet CALCULO
A1: MUROS DE CONTENCION
A3: DATOS: | H3: =B9 -> 0.2
A4: H= | B4: 4 | C4: m | I4: =B4-J15 -> 3.6
A5: sADM= | B5: 10.5 | C5: Tn/m2
AS6: ZONA | AT6: Z(g)
A7: 1. PREDIMENSIONAMIENTO | AS7: 1 | AT7: 0.4
Q8: H= | R8: =B4 -> 4 | S8: m | AS8: 2 | AT8: 0.3
A9: PUNTA= | B9: 0.2 | C9: m | L9: H | M9: =ATAN(I4/F11) -> 1.5152978 | AS9: 3 | AT9: 0.15
M10: =ATAN(48) -> 1.549966 | N10: =I4/M10 -> 2.3226316
A11: BASE DE LA PANTALLA | F11: =G17-H3 -> 0.2 | R11: MONONOBE-OKABE | AS11: 0.3Kh | AT11: =0.3*T13 -> 0.045
A12: K= | B12: 10 | R12: ZONA: | S12: 2 | T12: =VLOOKUP(S12,AS6:AT9,2,FALSE) -> 0.3 | AS12: 0.35Kh | AT12: =0.35*T13 -> 0.0525
A13: PERALTE DE LA ZAPATA | S13: Kh= | T13: =T12/2 -> 0.15 | AS13: 0.4Kh | AT13: =0.4*T13 -> 0.06
A14: K= | B14: 10 | R14: Kv esta en el rango de 0.3-0.6 Kh | U14: 0.3Kh | AS14: 0.45Kh | AT14: =0.45*T13 -> 0.0675
A15: ANCHO DE LA ZAPATA | J15: =B4/B14 -> 0.4 | S15: Kv= | T15: =VLOOKUP(U14,AS11:AT15,2,FALSE) -> 0.045 | AS15: 0.5Kh | AT15: =0.5*T13 -> 0.075
A16: K= | B16: 0.7
F17: =G18/3 -> 0.93333333 | G17: =B4/B12 -> 0.4 | S17: ° | T17: RAD
G18: =B16*B4 -> 2.8 | R18: Θ= | S18: =DEGREES(T18) -> 8.9264079 | T18: =ATAN(T13/(1-T15)) -> 0.15579521 | AS18: =COS(T19-T18-T20) -> 0.93058639 | AT18: =SIN(T21+T19) -> 0.50603376
R19: Ø= | S19: =B24 -> 30.4 | T19: =RADIANS(S19) -> 0.53058009 | U19: SUELO | AS19: =COS(T18)*COS(T20)*COS(T20)*COS(T20+T21+T18) -> 0.9759236 | AT19: =SIN(T19-T18-T22) -> 0.36607235
R20: BETA | S20: 0 | T20: =RADIANS(S20) -> 0 | U20: ANGULO VASTAGO | AT20: =COS(T21+T20+T18) -> 0.98788845
A21: 2. PRESION DEL SUELO | H21: S/C= | I21: =B27 -> 0.4 | R21: d= | S21: 0 | T21: =RADIANS(S21) -> 0 | U21: ANGULO DE FRICCION | AT21: =COS(T22-T20) -> 1
A22: gc= | B22: 2.4 | C22: Tn/m3 | R22: I= | S22: =B26 -> 0 | T22: 0 | U22: ANGULO DEL TALUD | AT22: =POWER(AT18*AT19/(AT20*AT21),0.5) -> 0.43303127
A23: gs= | B23: 2.03 | C23: Tn/m3 | H23: =H3 -> 0.2
A24: Ø= | B24: 30.4 | C24: ° | D24: =RADIANS(B24) -> 0.53058009 | E24: Rad | I24: =I4 -> 3.6 | R24: y= | S24: =POWER(1+AT22,2) -> 2.0535786
A25: z= | B25: 0 | S25: KAE= | T25: =AS18*AS18/(S24*AS19) -> 0.43210196
A26: d= | B26: 0 | C26: ° | D26: =RADIANS(B26) -> 0 | E26: Rad
A27: S/C= | B27: 0.4 | C27: Tn/m2 | R27: gs= | S27: =B23 -> 2.03 | AS27: cosΦ | AT27: =COS(D24) -> 0.86251367
A28: hs= | B28: =B27/B23 -> 0.19704433 | C28: m | R28: H= | S28: =L48 -> 4 | AS28: cosd | AT28: =COS(D26) -> 1
A29: Ka= | B29: =AT33 -> 0.32799148 | R29: Kv= | S29: =T15 -> 0.045 | AS29: cosΦ2 | AT29: =POWER(COS(D24),2) -> 0.74392983
A30: Kp= | B30: =AU33 -> 3.0488597 | AS30: cosd2 | AT30: =POWER(COS(D26),2) -> 1
A31: Ko= | B31: =1-SIN(D24) -> 0.49396624 | F31: =F11 -> 0.2 | S31: EAE= | T31: =0.5*S27*(1-S29)*T25*S28*S28 -> 6.7015558 | U31: Tn | AS31: 1 | AT31: =AT28-POWER(AT30-AT29,0.5) -> 0.49396624 | AU31: =AT28+POWER(AT30-AT29,0.5) -> 1.5060338
B32: SUELO | C32: S/C | D32: TOTAL | AS32: 2 | AT32: =AT28+POWER(AT30-AT29,0.5) -> 1.5060338 | AU32: =AT28-POWER(AT30-AT29,0.5) -> 0.49396624
A33: H= | B33: =VLOOKUP(B39,AS37:AT38,2,FALSE) -> 4 | C33: =B28 -> 0.19704433 | R33: Kah= | S33: =B29 -> 0.32799148 | AS33: KA | AT33: =AT28*AT31/AT32 -> 0.32799148 | AU33: =AT28*AU31/AU32 -> 3.0488597
A34: sMAX= | B34: =B23*B29*(B33) -> 2.6632908 | C34: =B23*B29*(C33) -> 0.13119659 | D34: =B34+C34 -> 2.7944874
A35: P= | B35: =B34*B33/2 -> 5.3265816 | C35: =C34*B33 -> 0.52478636 | D35: =B35+C35 -> 5.8513679 | J35: =J15 -> 0.4 | S35: Ea= | T35: =0.5*S27*S33*S28*S28 -> 5.3265816 | U35: Tn
A36: Pv= | B36: =B35*SIN(D26) -> 0 | C36: =C35*SIN(D26) -> 0 | D36: =B36+C36 -> 0 | AS36: =B4+J70 -> 4 | AT36: =B4 -> 4
A37: Ph= | B37: =B35*COS(D26) -> 5.3265816 | C37: =C35*COS(D26) -> 0.52478636 | D37: =B37+C37 -> 5.8513679 | F37: =F17 -> 0.93333333 | G37: =G17 -> 0.4 | I37: =G38-F37-G37 -> 1.4666667 | S37: DEAE= | T37: =T31-T35 -> 1.3749742 | U37: Tn | V37: Fuerza Horizontal | AS37: SI | AT37: =AS36 -> 4
G38: =G18 -> 2.8 | S38: POSICION | AS38: NO | AT38: =AT36 -> 4
A39: CONSIDERARMOS? | B39: NO | S39: 0.6H= | T39: =S28*0.6 -> 2.4 | U39: m
S40: MAE= | T40: =T37*T39 -> 3.2999382 | U40: Tn-m | V40: Momento
A41: 3. VERIFICACIONES | H41: MODIFICAR DIMENSIONES
A42: VERIFICACIONES SIN EFECTOS SISMICOS | R42: VERIFICACIONES CON EFECTOS SISMICOS
A43: COMPONENTE | B43: AREA(m2) | C43: PESO(Tn) | D43: BRAZO(m) | E43: MOMENTO(Tn-m) | F43: DESCRIPCION | J43: 0.2 | L43: =K58*TAN(D26) -> 0 | R43: COMPONENTE | S43: AREA(m2) | T43: PESO(Tn) | U43: BRAZO(m) | V43: MOMENTO(Tn-m) | W43: DESCRIPCION
A44: 1 | B44: =K58*K58*0.5*TAN(D26) -> 0 | C44: =B44*$B$23 -> 0 | D44: =2*K58/3+H58+I57 -> 4.5666667 | E44: =C44*D44 -> 0 | F44: SUELO TALUD | R44: 1 | S44: =B44 -> 0 | T44: =C44 -> 0 | U44: =D44 -> 4.5666667 | V44: =E44 -> 0 | W44: SUELO TALUD
A45: 2 | B45: =K58*L48 -> 4 | C45: =B45*$B$23 -> 8.12 | D45: =K58/2+I57+H58 -> 4.4 | E45: =C45*D45 -> 35.728 | F45: SUELO | R45: 2 | S45: =B45 -> 4 | T45: =C45 -> 8.12 | U45: =D45 -> 4.4 | V45: =E45 -> 35.728 | W45: SUELO
A46: 3 | B46: =B28*K58/COS(D26) -> 0.19704433 | C46: =B46*$B$23 -> 0.4 | D46: =D45 -> 4.4 | E46: =C46*D46 -> 1.76 | F46: SUELO S/C | R46: 3 | S46: =B46 -> 0.19704433 | T46: =C46 -> 0.4 | U46: =D46 -> 4.4 | V46: =E46 -> 1.76 | W46: SUELO S/C
A47: 4 | B47: =I59*M55 -> 3.43 | C47: =B47*$B$22 -> 8.232 | D47: =I59/2 -> 2.45 | E47: =C47*D47 -> 20.1684 | F47: BASE | R47: 4 | S47: =B47 -> 3.43 | T47: =C47 -> 8.232 | U47: =D47 -> 2.45 | V47: =E47 -> 20.1684 | W47: BASE
A48: 5 | B48: =H52*L48*0.5 -> 0.4 | C48: =B48*$B$22 -> 0.96 | D48: =2*H52/3+H58 -> 3.6333333 | E48: =C48*D48 -> 3.488 | F48: CUÑA | L48: 4 | R48: 5 | S48: =B48 -> 0.4 | T48: =C48 -> 0.96 | U48: =D48 -> 3.6333333 | V48: =E48 -> 3.488 | W48: CUÑA
A49: 6 | B49: =J43*L48 -> 0.8 | C49: =B49*$B$22 -> 1.92 | D49: =J43/2+H52+H58 -> 3.8 | E49: =C49*D49 -> 7.296 | F49: PANTALLA | K49: =I24 -> 3.6 | R49: 6 | S49: =B49 -> 0.8 | T49: =C49 -> 1.92 | U49: =D49 -> 3.8 | V49: =E49 -> 7.296 | W49: PANTALLA
B50: N= | C50: =SUM(C44:C49) -> 19.632 | D50: Mr= | E50: =SUM(E44:E49) -> 68.4404 | S50: N= | T50: =SUM(T44:T49) -> 19.632 | U50: Mr= | V50: =SUM(V44:V49) -> 68.4404
A51: AREA DE CONCRETO | C51: =B47+B48+B49 -> 4.63 | D51: m2 | E51: =SUM(C47:C49) -> 11.112 | H51: =F31 -> 0.2
A52: 3.1 VERIFICACION POR VOLTEO | H52: 0.2 | R52: 3.1 VERIFICACION POR VOLTEO
A53: Mr= | B53: =E50 -> 68.4404 | C53: Tn-m | D53: MhSUELO= | E53: =B37*B4/3 -> 7.1021087 | F53: Tn-m | R53: Mr= | S53: =B53 -> 68.4404 | T53: Tn-m | U53: MhSUELO= | V53: =E53 -> 7.1021087 | W53: Tn-m
A54: Mv= | B54: =D36*(I59-K58) -> 0 | C54: Tn-m | D54: MhS/C= | E54: =C37*B4/2 -> 1.0495727 | F54: Tn-m | R54: Mv= | S54: =B54 -> 0 | T54: Tn-m | U54: MhS/C= | V54: =E54 -> 1.0495727 | W54: Tn-m
A55: MvTOTAL= | B55: =B53+B54 -> 68.4404 | C55: Tn-m | D55: MhTOTAL= | E55: =E53+E54 -> 8.1516815 | F55: Tn-m | L55: =J35 -> 0.4 | M55: 0.7 | R55: MvTOTAL= | S55: =B55 -> 68.4404 | T55: Tn-m | U55: Mq= | V55: =T40 -> 3.2999382 | W55: Tn-m
U56: MhTOTAL= | V56: =E55+V55 -> 11.45162 | W56: Tn-m
A57: F.S.= | B57: =ROUND((B55)/E55,2) -> 8.4 | C57: =IF(B57<1.5,"NO","OK") -> OK | H57: =F37 -> 0.93333333 | I57: =J43+H52 -> 0.4 | K57: =I37 -> 1.4666667 | R57: F.S.= | S57: =ROUND((S55)/V56,2) -> 5.98 | T57: =IF(S57<1.2,"NO","OK") -> OK
H58: 3.5 | K58: 1
A59: 3.2 VERIFICACION POR DESLIZAMIENTO | I59: =H58+I57+K58 -> 4.9 | R59: 3.2 VERIFICACION POR DESLIZAMIENTO
A60: N= | B60: =C50 -> 19.632 | C60: Tn | D60: µ= | E60: =TAN(D24) -> 0.58669652 | R60: N= | S60: =B60 -> 19.632 | T60: Tn | U60: µ= | V60: =E60 -> 0.58669652 | AT60: BRAZO | AU60: MOMENTO
A61: PvTOTAL= | B61: =D36 -> 0 | C61: Tn | D61: Fr= | E61: =B62*E60 -> 11.518026 | F61: Tn | R61: PvTOTAL= | S61: =B61 -> 0 | T61: Tn | U61: Fr= | V61: =E61 -> 11.518026 | W61: Tn | AS61: EN EL CENTRO | AT61: =I67/2+H57 -> 1.1333333 | AU61: =AT61*B70 -> 0
A62: Rv= | B62: =B60+B61 -> 19.632 | C62: Tn | D62: PhTOTAL= | E62: =D37 -> 5.8513679 | F62: Tn | R62: Rv= | S62: =B62 -> 19.632 | T62: Tn | U62: Pq= | V62: =T37 -> 1.3749742 | W62: Tn | AS62: EXTREMO INTERIOR | AT62: =I59-I67+I67/2 -> 4.7 | AU62: =B70*AT62 -> 0
U63: PhTOTAL= | V63: =E62+V62 -> 7.2263422 | W63: Tn
A64: F.S.= | B64: =ROUND((E61)/E62,2) -> 1.97 | C64: =IF(B64<1.5,"NO","OK") -> OK | R64: F.S.= | S64: =ROUND((V61)/V63,2) -> 1.59 | T64: =IF(S64<1.2,"NO","OK") -> OK
A66: KEY | R66: KEY
A67: UBICACION: | B67: EN EL CENTRO | F67: DETALLE DEL DIENTE | I67: =I57 -> 0.4 | R67: UBICACION: | S67: EN EL CENTRO | W67: DETALLE DEL DIENTE | Z67: =I67 -> 0.4 | AS67: SI | AT67: =POWER(J70+M55,2)*B23*B30*0.5 -> 1.5163504 | AU67: =AT67 -> 1.5163504
A68: K= | B68: 10 | R68: K= | S68: 10 | AS68: NO | AT68: 0 | AU68: 0
A69: AREA= | B69: =I67*J70 -> 0 | C69: m2 | J69: =B4/B68 -> 0.4 | R69: AREA= | S69: =B69 -> 0 | T69: m2 | AA69: =J69 -> 0.4
A70: PESO | B70: =B69*B22 -> 0 | C70: Tn | J70: 0 | K70: SI NOSE REQUIERE DIENTE PONER CERO | R70: PESO | S70: =B70 -> 0 | T70: Tn | AA70: =J70 -> 0
A71: VOLTEO | E71: DESLIZAMIENTO | R71: VOLTEO | V71: DESLIZAMIENTO
H72: ¿CONSIDERAR Pp? | J72: SI | Y72: ¿CONSIDERAR Pp? | AA72: SI
A73: BRAZO= | B73: =VLOOKUP(B67,AS61:AU62,2,FALSE) -> 1.1333333 | C73: m | E73: Rv'= | F73: =B62+B70 -> 19.632 | G73: Tn | H73: Pp= | I73: =VLOOKUP(J72,AS67:AT68,2,FALSE) -> 1.5163504 | J73: Tn | R73: BRAZO= | S73: =B73 -> 1.1333333 | T73: m | V73: Rv'= | W73: =F73 -> 19.632 | X73: Tn | Y73: Pp= | Z73: =VLOOKUP(AA72,AS67:AU68,3,FALSE) -> 1.5163504 | AA73: Tn
A74: MOMENTO= | B74: =VLOOKUP(B67,AS61:AU62,3,FALSE) -> 0 | C74: Tn-m | E74: Fr= | F74: =F73*E60 -> 11.518026 | G74: Tn | H74: Ph'= | I74: =E62 -> 5.8513679 | J74: Tn | R74: MOMENTO= | S74: =B74 -> 0 | T74: Tn-m | V74: Fr= | W74: =F74 -> 11.518026 | X74: Tn | Y74: Ph'= | Z74: =V63 -> 7.2263422 | AA74: Tn
A75: Mv'TOTAL= | B75: =B74+B55 -> 68.4404 | C75: Tn-m | R75: Mv'TOTAL= | S75: =B75 -> 68.4404 | T75: Tn-m
A76: F.S.= | B76: =ROUND((B75)/E55,2) -> 8.4 | C76: =IF(B76<1.5,"NO","OK") -> OK | F76: F.S.= | G76: =ROUND((F74+I73)/I74,2) -> 2.23 | H76: =IF(G76<1.5,"NO","OK") -> OK | R76: F.S.= | S76: =ROUND((S75)/V56,2) -> 5.98 | T76: =IF(S76<1.2,"NO","OK") -> OK | W76: F.S.= | X76: =ROUND((W74+Z73)/Z74,2) -> 1.8 | Y76: =IF(X76<1.2,"NO","OK") -> OK
A77: 3.3 VERIFICACION POR ESFUERZOS DEL TERRENO | R77: 3.3 VERIFICACION POR ESFUERZOS DEL TERRENO CON EFECTOS SISMICOS
A78: Mv'TOTAL= | B78: =B75 -> 68.4404 | C78: Tn-m | D78: Rv'= | E78: =F73 -> 19.632 | F78: Tn | R78: Mv'TOTAL= | S78: =S75 -> 68.4404 | T78: Tn-m | U78: Rv'= | V78: =W73 -> 19.632 | W78: Tn
A79: Mh= | B79: =E55 -> 8.1516815 | C79: Tn-m | F79: DIAGRAMA DE PRESIONES: | R79: Mh= | S79: =V56 -> 11.45162 | T79: Tn-m | W79: DIAGRAMA DE PRESIONES:
A80: ΣMo= | B80: =B78-B79 -> 60.288719 | C80: Tn-m | R80: ΣMo= | S80: =S78-S79 -> 56.98878 | T80: Tn-m
A81: NUCLEO CENTRAL | L81: ECUACION | R81: NUCLEO CENTRAL | AC81: ECUACION
A82: e= | B82: =(B80)/E78 -> 3.0709412 | C82: m | O82: X | P82: Y | R82: e= | S82: =(S80)/V78 -> 2.9028515 | T82: m | AF82: X | AG82: Y
A83: L/3= | B83: =I59/3 -> 1.6333333 | C83: m | O83: 0 | P83: 0 | R83: L/3= | S83: =B83 -> 1.6333333 | T83: m | AF83: 0 | AG83: 0
A84: 2L/3= | B84: =B83*2 -> 3.2666667 | C84: m | O84: 0 | P84: =-B87 -> -0.96022027 | R84: 2L/3= | S84: =S83*2 -> 3.2666667 | T84: m | AF84: 0 | AG84: =-S88 -> -1.7848612
A85: ¿ESTA EN EL TERCIO CENTRAL? | D85: =IF(AND(B82>=B83,B82<=B84),"SI","NO") -> SI | O85: =I59 -> 4.9 | P85: =-B88 -> -7.052841 | R85: 1.3sADM= | S85: =1.3*B5 -> 13.65 | T85: Tn/m2 | AF85: =I59 -> 4.9 | AG85: =-S89 -> -6.2282
A86: ESFUERZOS EN LOS EXTREMOS DE LA CIMENTACION | O86: =O85 -> 4.9 | P86: 0 | R86: ¿ESTA EN EL TERCIO CENTRAL? | U86: =IF(AND(S82>=S83,S82<=S84),"SI","NO") -> SI | AF86: =AF85 -> 4.9 | AG86: 0
A87: s1= | B87: =(4*I59-6*B82)*B62/(I59*I59) -> 0.96022027 | C87: Tn/m2 | D87: =IF(B87<B5,"OK","NO") -> OK | F87: ECUACION DEL DIAGRAMA DE PRESIONES | R87: ESFUERZOS EN LOS EXTREMOS DE LA CIMENTACION | W87: ECUACION DEL DIAGRAMA DE PRESIONES
A88: s2= | B88: =(-2*I59+6*B82)*B62/(I59*I59) -> 7.052841 | C88: Tn/m2 | D88: =IF(B88<B5,"OK","NO") -> OK | F88: y = | G88: =O88 -> 1.243392 | H88: x | I88: + | J88: =M88 -> 0.96022027 | L88: b= | M88: =B87 -> 0.96022027 | N88: a= | O88: =(B88-B87)/I59 -> 1.243392 | R88: s1= | S88: =(4*I59-6*S82)*S62/(I59*I59) -> 1.7848612 | T88: Tn/m2 | U88: =IF(S88<S85,"OK","NO") -> OK | W88: y = | X88: =AF88 -> 0.90680384 | Y88: x | Z88: + | AA88: =AD88 -> 1.7848612 | AC88: b= | AD88: =S88 -> 1.7848612 | AE88: a= | AF88: =(S89-S88)/I59 -> 0.90680384
R89: s2= | S89: =(-2*I59+6*S82)*S62/(I59*I59) -> 6.2282 | T89: Tn/m2 | U89: =IF(S89<S85,"OK","NO") -> OK
A91: ESFUERZOS DEL TERRENO PARA CALCULO DEL REFUERZO | R91: ESFUERZOS DEL TERRENO PARA CALCULO DEL REFUERZO
B92: ESFUERZOS | G92: DIMENSIONES FINALES | S92: ESFUERZOS | X92: DIMENSIONES FINALES
B93: q2 | C93: q1 | S93: q2 | T93: q1 | U93: F-SISMO
A94: PANTALLA | B94: =B23*B29*L48*COS(D26)+C94 -> 2.7944874 | C94: =C34 -> 0.13119659 | H94: ESPESOR | I94: LONGITUD | J94: P.P | R94: PANTALLA | S94: =B94 -> 2.7944874 | T94: =C35 -> 0.52478636 | U94: =T37 -> 1.3749742 | Y94: ESPESOR | Z94: LONGITUD | AA94: P.P | AS94: PANTALLA | AT94: SIN SISMO | AU94: CON SISMO | AV94: MAXIMO | AY94: SISMO
B95: q2 | C95: q1 | G95: PANTALLA | H95: =I57 -> 0.4 | I95: =L48 -> 4 | J95: =C49+C48 -> 2.88 | S95: q2 | T95: q1 | X95: PANTALLA | Y95: =Z57 | Z95: =AC48 | AA95: =T49+T48 -> 2.88 | AS95: q1= | AT95: =C94 -> 0.13119659 | AU95: =T94 -> 0.52478636 | AV95: =MAX(AT95:AU95) -> 0.52478636 | AW95: =HLOOKUP($H$101,AT94:AV96,2,FALSE) -> 0.52478636 | AY95: =BO74
A96: PUNTA | B96: =B87 -> 0.96022027 | C96: =G88*H58+J88 -> 5.3120922 | G96: PUNTA | H96: =M55 -> 0.7 | I96: =H58 -> 3.5 | J96: =H58*M55*B22 -> 5.88 | R96: PUNTA | S96: =S88 -> 1.7848612 | T96: =X88*H58+AA88 -> 4.9586746 | X96: PUNTA | Y96: =AD55 | Z96: =Y58 | AA96: =Y58*AD55*S22 -> 0 | AS96: q2= | AT96: =B94 -> 2.7944874 | AU96: =S94 -> 2.7944874 | AV96: =MAX(AT96:AU96) -> 2.7944874 | AW96: =HLOOKUP($H$101,AT94:AV96,3,FALSE) -> 2.7944874 | AY96: =BN20-AY95*AV89 -> 0
B97: q2 | C97: q1 | D97: P.T. | G97: TALON | H97: =M55 -> 0.7 | I97: =K58 -> 1 | J97: =M55*K58*B22 -> 1.68 | S97: q2 | T97: q1 | U97: P.T. | X97: TALON | Y97: =AD55 | Z97: =AB58 | AA97: =AD55*AB58*S22 -> 0 | AS97: PUNTA | AT97: SIN SISMO | AU97: CON SISMO | AV97: MAXIMO | AY97: =BN20-AY95*AV91 -> 0
A98: TALON | B98: s DEL SUELO | D98: W DEL SUELO | G98: KEY | H98: =I67 -> 0.4 | I98: =J70 -> 0 | J98: =B70 -> 0 | R98: TALON | S98: s DEL SUELO | U98: W DEL SUELO | X98: KEY | Y98: =Z67 -> 0.4 | Z98: =AA70 -> 0 | AA98: =S70 -> 0 | AS98: Peso Propio= | AT98: =J96 -> 5.88 | AU98: =AT98 -> 5.88 | AV98: =MAX(AT98:AU98) -> 5.88 | AW98: =HLOOKUP($H$101,AT97:AV100,2,FALSE) -> 5.88
B99: =G88*K58+J88 -> 2.2036122 | C99: =B88 -> 7.052841 | D99: =(B44+B45+B46)*B23/K58 -> 8.52 | S99: =X88*K58+AA88 -> 2.6916651 | T99: =S89 -> 6.2282 | U99: =D99 -> 8.52 | AS99: q1= | AT99: =C96 -> 5.3120922 | AU99: =T96 -> 4.9586746 | AV99: =MAX(AT99:AU99) -> 5.3120922 | AW99: =HLOOKUP($H$101,AT97:AV100,3,FALSE) -> 5.3120922
B100: q2 | C100: q1 | S100: q2 | T100: q1 | AS100: q2= | AT100: =B96 -> 0.96022027 | AU100: =S96 -> 1.7848612 | AV100: =MAX(AT100:AU100) -> 1.7848612 | AW100: =HLOOKUP($H$101,AT97:AV100,4,FALSE) -> 1.7848612
A101: KEY | B101: EMPUJE ACTIVO | G101: DISEÑO: | H101: MAXIMO | R101: KEY | S101: EMPUJE ACTIVO | AS101: TALON | AT101: SIN SISMO | AU101: CON SISMO | AV101: MAXIMO
B102: =B23*B29*(L48+M55+J70)*COS(D26)+C94 -> 3.2605633 | C102: =B23*B29*(L48+M55)*COS(D26)+C94 -> 3.2605633 | S102: =B102 -> 3.2605633 | T102: =C102 -> 3.2605633 | AS102: Peso Propio= | AT102: =J97 -> 1.68 | AU102: =AT102 -> 1.68 | AV102: =MAX(AT102:AU102) -> 1.68 | AW102: =HLOOKUP($H$101,AT101:AV105,2,FALSE) -> 1.68
AS103: P.Terreno= | AT103: =D99 -> 8.52 | AU103: =U99 -> 8.52 | AV103: =MAX(AT103:AU103) -> 8.52 | AW103: =HLOOKUP($H$101,AT101:AV105,3,FALSE) -> 8.52
...

Sheet ESQUEMAS
A2: SECCION DEL MURO DE CONTENCIÓN | G2: CARGAS ACTUANTES | N2: DIAGRAMA DE MOMENTOS FLECTORES | U2: DIAGRAMA DE FUERZAS CORTANTES | AB2: DISTRIBUCION DEL REFUERZO | AQ2: ACERO DE REFUERZO
D3: UNIDAD: m | K3: UNIDAD: Tn/m | R3: UNIDAD: Tn-m | Y3: UNIDAD: Tn | AK3: UNIDAD: m | AU3: UNIDAD: cm2
C4: =CALCULO!J43 -> 0.2 | J4: =CALCULO!AW95 -> 0.52478636
D5: =CALCULO!L48 -> 4
AH6: =CALCULO!A161 -> 1 | AI6: Ø | AJ6: =CALCULO!C157 -> 5/8" | AK6: @ | AL6: =CALCULO!E161 -> 25
AB8: =CALCULO!A170 -> 1 | AC8: Ø | AD8: =CALCULO!C170 -> 5/8" | AE8: @ | AF8: =CALCULO!E170 -> 25 | AR8: PANTALLA
K9: =CALCULO!U94 -> 1.3749742
AB11: =CALCULO!A217 -> 1 | AC11: Ø | AD11: =CALCULO!C217 -> 3/4" | AE11: @ | AF11: =CALCULO!E217 -> 20
A12: =CALCULO!H52 -> 0.2
AH13: =1 -> 1 | AI13: Ø | AJ13: =CALCULO!C151 -> 1" | AK13: @ | AL13: =CALCULO!E151 -> 20
H14: PANTALLA | K14: =CALCULO!AW96 -> 2.7944874 | O14: PANTALLA | R14: =CALCULO!B119 -> 20.726344 | V14: PANTALLA | Y14: =CALCULO!B120 -> 11.235316 | AQ14: PUNTA | AT14: =CALCULO!D143 -> 16.075516 | AU14: =CALCULO!P143 -> 12
E16: =CALCULO!M55 -> 0.7 | K16: =CALCULO!AW103 -> 8.52
G17: PUNTA | J17: TALON | N17: PUNTA | O17: =CALCULO!H119 -> 81.248298 | Q17: TALON | R17: =CALCULO!N119 -> 4.1260482 | U17: PUNTA | V17: =CALCULO!H120 -> 39.567902 | X17: TALON | Y17: =CALCULO!N120 -> 2.9801927 | AM17: RECORTE DE ACERO PANTALLA:
A18: =CALCULO!H58 -> 3.5 | B18: =CALCULO!I57 -> 0.4 | D18: =CALCULO!K58 -> 1 | AH18: =CALCULO!A210 -> 1 | AI18: Ø | AJ18: =CALCULO!C210 -> 1" | AK18: @ | AL18: =CALCULO!E151 -> 20 | AM18: h= | AN18: =CALCULO!B187 -> 0 | AO18: m | AR18: =CALCULO!J143 -> 38.771232 | AU18: TALON
B19: =CALCULO!I59 -> 4.9
AS20: DIENTE
A21: =CALCULO!B67 -> EN EL CENTRO | C21: =CALCULO!I67 -> 0.4 | AB21: =CALCULO!G190 -> 1 | AC21: Ø | AD21: =CALCULO!I190 -> 3/4" | AE21: @ | AF21: =CALCULO!K190 -> 20 | AH21: =CALCULO!M151 -> 1 | AI21: Ø | AJ21: =CALCULO!O151 -> 5/8" | AK21: @ | AL21: =CALCULO!Q151 -> 17 | AM21: USAR UN PEDESTAL: | AT21: =CALCULO!V143 -> 6
AB22: =CALCULO!G161 -> 1 | AC22: Ø | AD22: =CALCULO!I161 -> 5/8" | AE22: @ | AF22: =CALCULO!K161 -> 25 | AH22: =CALCULO!M161 -> 1 | AI22: Ø | AJ22: =CALCULO!O161 -> 1/2" | AK22: @ | AL22: =CALCULO!Q161 -> 21 | AM22: L= | AN22: =CALCULO!N186 -> 0 | AO22: m
D23: =CALCULO!J70 -> 0 | G23: =CALCULO!AW100 -> 1.7848612 | H23: =CALCULO!AW99 -> 5.3120922 | K23: =CALCULO!AW105 -> 2.6916651 | L23: =CALCULO!AW104 -> 6.2282 | AM23: h'= | AN23: =CALCULO!P188 -> 0 | AO23: cm
P24: DIENTE | W24: DIENTE
I25: DIENTE | R25: =CALCULO!U116 -> 0 | Y25: =CALCULO!U117 -> 0
K26: =CALCULO!AW107 -> 3.2605633 | AM26: RECORTE DE ACERO TALON:
AB27: =CALCULO!G170 -> 1 | AC27: Ø | AD27: =CALCULO!I170 -> 3/4" | AE27: @ | AF27: =CALCULO!K170 -> 25 | AH27: =CALCULO!M170 -> 1 | AI27: Ø | AJ27: =CALCULO!O170 -> 1/2" | AK27: @ | AL27: =CALCULO!Q170 -> 21 | AM27: L1= | AN27: =CALCULO!N193 -> 0 | AO27: m
AB28: =CALCULO!G151 -> 1 | AC28: Ø | AD28: =CALCULO!I151 -> 3/4" | AE28: @ | AF28: =CALCULO!K151 -> 7 | AH28: =CALCULO!G190 -> 1 | AI28: Ø | AJ28: =CALCULO!I190 -> 3/4" | AK28: @ | AL28: =CALCULO!K190 -> 20
K29: =CALCULO!AW108 -> 3.2605633
AB30: =CALCULO!S170 -> 1 | AC30: Ø | AD30: =CALCULO!U170 -> 5/8" | AE30: @ | AF30: =CALCULO!W170 -> 25 | AH30: =CALCULO!S161 -> 1 | AI30: Ø | AJ30: =CALCULO!U161 -> 5/8" | AK30: @ | AL30: =CALCULO!W161 -> 25
AH31: =CALCULO!S151 -> 1 | AI31: Ø | AJ31: =CALCULO!U151 -> 3/4" | AK31: @ | AL31: =CALCULO!W151 -> 20

Sheet Hoja1
H1: S/C= | I1: =B34 -> 0 | AT1: =COS(T2-#REF!) -> #REF!
AT2: =POWER(#REF!*#REF!/(#REF!*AT1),0.5) -> #REF!
H3: =#REF! -> #REF!
I4: =#REF! -> #REF!
F11: =#REF! -> #REF!
J15: =#REF! -> #REF!
AS16: =#REF!+J50 -> #REF! | AT16: =#REF! -> #REF!
F17: =#REF! -> #REF! | G17: =#REF! -> #REF! | I17: =G18-F17-G17 -> #REF! | AS17: SI | AT17: 3
G18: =#REF! -> #REF! | AS18: NO | AT18: 3
B19: NO
A28: 2. PRESION DEL SUELO | G28: RANKINE | K28: COULUMB | AH28: Ka | AI28: Kp
A29: gc= | B29: 2.4 | C29: Tn/m3 | H29: Ka | I29: Kp | K29: seno (a+Ø) | L29: =SIN(D39+D31) -> 0.91495967 | M29: Ka | N29: Kp
A30: gs= | B30: 2.1 | C30: Tn/m3 | G30: cosΦ | H30: =COS(D31) -> 0.91495967 | K30: seno (a-Ø) | L30: =SIN(D39-D31) -> 0.91495967 | M30: =L34*L35/(L32*L37) -> 0.018150064 | N30: =L34*L36/(L33*L37) -> 0.30754755
A31: Ø= | B31: 23.8 | C31: ° | D31: =RADIANS(B31) -> 0.41538836 | E31: Rad | G31: cosd | H31: =COS(D33) -> 0.93105582 | K31: seno (a) | L31: =SIN(D39) -> 1 | M31: =POWER(POWER(M30,0.5)+1,2) -> 1.2875944 | N31: =POWER(1-POWER(N30,0.5),2) -> 0.19840816 | AC31: 2. PRESION DEL SUELO | AK31: α RAD | AL31: =D33 -> 0.37350046
A32: z= | B32: =R13 | G32: cosΦ2 | H32: =H30*H30 -> 0.83715119 | K32: seno (a-d) | L32: =SIN(D39-D40) -> 1 | M32: =M31*L32*L31*L31 -> 1.2875944 | N32: =N31*L33*L31*L31 -> 0.19840816 | AC32: gc= | AD32: 2.4 | AE32: Tn/m3 | AK32: Ø RAD | AL32: =D31 -> 0.41538836
A33: b= | B33: 21.4 | C33: ° | D33: =RADIANS(B33) -> 0.37350046 | E33: Rad | G33: cosd2 | H33: =H31*H31 -> 0.86686493 | K33: seno (a+d) | L33: =SIN(D39+D40) -> 1 | M33: =L29*L29/M32 -> 0.65016684 | N33: =L30*L30/N32 -> 4.2193386 | AC33: gs= | AD33: 2.1 | AE33: Tn/m3 | AK33: S/C= | AL33: 0
A34: S/C= | B34: 0 | C34: Tn/m2 | G34: 1 | H34: =H31-POWER(H33-H32,0.5) -> 0.75867908 | I34: =POWER((H33-H32),0.5)+H31 -> 1.1034325 | K34: seno (Ø+d) | L34: =SIN(D31+D40) -> 0.4035453 | AC34: Ø= | AD34: 26 | AE34: ° | AF34: =RADIANS(AD34) -> 0.45378561 | AG34: Rad | AK34: Cah= | AL34: =COS(AL31)*(COS(AL31)-((COS(AL31))^2-(COS(AL32))^2)^0.5)/(COS(AL31)+((COS(AL31))^2-(COS(AL32))^2)^0.5) -> 0.64015927
A35: hs= | B35: =B34/B30 -> 0 | C35: m | G35: 2 | H35: =H31+POWER(H33-H32,0.5) -> 1.1034325 | I35: =H31-POWER(H33-H32,0.5) -> 0.75867908 | K35: seno (Ø-β) | L35: =SIN(D31-D33) -> 0.041875654 | AC35: z= | AD35: 0 | AK35: Cph= | AL35: =COS(AL31)*(COS(AL31)+((COS(AL31))^2-(COS(AL32))^2)^0.5)/(COS(AL31)-((COS(AL31))^2-(COS(AL32))^2)^0.5) -> 1.3541395
A36: Ka= | B36: =H36 -> 0.64015927 | H36: =H31*H34/H35 -> 0.64015927 | I36: =H31*I34/I35 -> 1.3541395 | K36: seno (Ø+β) | L36: =SIN(D31+D33) -> 0.70957074 | AC36: d= | AD36: 17 | AE36: ° | AF36: =RADIANS(AD36) -> 0.29670597 | AG36: Rad
A37: Kp= | B37: =I36 -> 1.3541395 | K37: seno (a+β) | L37: =SIN(D39-D33) -> 0.93105582 | AC37: S/C= | AD37: 0 | AE37: Tn/m2 | AH37: 1 | AI37: =#REF!-POWER(#REF!-#REF!,0.5) -> #REF! | AJ37: =#REF!+POWER(#REF!-#REF!,0.5) -> #REF!
AC38: hs= | AD38: =AD37/AD33 -> 0 | AE38: m | AH38: 2 | AI38: =#REF!+POWER(#REF!-#REF!,0.5) -> #REF! | AJ38: =#REF!-POWER(#REF!-#REF!,0.5) -> #REF!
A39: a= | B39: 90 | C39: ° | D39: =RADIANS(B39) -> 1.5707963 | E39: Rad | AC39: Ka= | AD39: =AI39 -> #REF! | AI39: =#REF!*AI37/AI38 -> #REF! | AJ39: =#REF!*AJ37/AJ38 -> #REF!
A40: d= | B40: 0 | C40: ° | D40: =RADIANS(B40) -> 0 | E40: Rad | AC40: Kp= | AD40: =AJ39 -> #REF!
